umap_1,umap_2,ZIP_Code
9.720085,10.649688,90001
9.734185,10.794891,90002
9.36684,10.355725,90003
3.607838,11.850698,90004
3.0288699,11.769153,90005
7.1961164,10.627766,90006
7.2104554,10.588431,90007
6.4928474,11.133319,90008
8.769717,11.073817,90011
5.333803,10.242506,90012
7.701364,5.6377044,90013
6.768001,5.480703,90014
7.3470635,10.461452,90015
8.205416,10.677076,90016
3.336896,8.233436,90017
7.600526,11.016783,90018
6.6212587,11.051271,90019
2.6219122,11.957909,90020
9.312497,9.87629,90021
9.422183,11.595081,90022
9.059349,11.653129,90023
2.8131528,11.79964,90024
5.86223,11.499284,90025
7.003316,10.840234,90026
3.667098,11.937823,90027
6.9700346,10.815242,90028
7.393689,10.679826,90029
5.619589,10.096372,90031
5.892583,9.903989,90032
8.633723,11.56283,90033
6.9360204,10.75393,90034
5.601979,11.574691,90035
3.4644246,11.774692,90036
8.611852,10.793981,90037
6.528471,11.13011,90038
7.004899,10.87723,90039
9.294664,11.634391,90040
5.954326,10.155079,90041
5.8217235,9.98011,90042
8.155173,10.662235,90043
8.92797,10.89226,90044
7.4308486,11.132845,90045
2.7923396,11.99379,90046
9.151259,10.366391,90047
3.9000988,11.814122,90048
2.5477805,11.933949,90049
5.6989765,11.533433,90056
8.086055,10.018202,90057
8.075074,11.407389,90058
9.238061,11.441548,90059
9.379766,11.066528,90061
8.246924,11.16749,90062
9.1729,11.634024,90063
5.679827,11.539766,90064
5.1256704,10.259007,90065
7.2131543,10.921593,90066
2.6435823,11.937657,90067
2.974078,12.032928,90068
2.5376246,11.915074,90069
2.953933,11.644077,90071
2.4522476,11.916388,90077
6.3541336,11.181403,90094
9.185503,11.681449,90201
2.4790158,11.907679,90210
3.6644676,11.845475,90211
3.156851,11.776213,90212
9.174184,11.419025,90220
9.313394,11.023123,90221
9.663009,10.617417,90222
8.172956,10.080786,90230
7.560534,10.411871,90232
8.423638,10.6611395,90240
8.809379,10.565364,90241
9.810946,10.56598,90242
6.926582,11.199647,90245
9.774601,10.374985,90247
9.6906395,10.462244,90248
9.633378,10.037445,90249
9.801425,10.442115,90250
6.144222,11.233569,90254
9.1561775,11.653225,90255
9.715652,10.124123,90260
9.481406,11.470561,90262
2.5545325,11.866918,90264
2.5604553,11.944039,90265
4.5651383,11.79222,90266
9.086285,11.719081,90270
2.5644515,11.946566,90272
4.0819364,11.905646,90274
6.3292055,11.252684,90275
6.7826233,11.165254,90277
7.7237186,11.163673,90278
9.408286,11.604846,90280
4.82112,16.008945,90290
5.5128565,11.606752,90291
3.1864147,11.782452,90292
4.970247,11.660655,90293
9.097978,11.50715,90301
8.8168335,10.872662,90302
8.928231,10.7955065,90303
9.746141,10.334905,90304
8.321533,10.633766,90305
3.231344,11.737252,90401
2.592255,11.9359255,90402
4.431464,11.8329,90403
7.160721,10.624543,90404
6.2430315,11.259569,90405
8.278566,11.379588,90501
9.668377,10.065096,90502
7.938594,11.340681,90503
9.178059,11.432843,90504
7.7819786,11.198667,90505
5.569712,10.198649,90601
5.6371427,10.130093,90602
5.769291,10.074246,90603
9.702162,10.729041,90604
8.512369,11.20047,90605
9.732697,10.862892,90606
9.5859165,10.713325,90620
8.462837,10.6276865,90621
8.935252,10.188974,90623
8.651956,10.676062,90630
5.6884828,10.118221,90631
8.9271555,10.584327,90638
9.015878,11.253007,90640
9.787874,10.264884,90650
9.29527,11.591606,90660
9.746283,10.159048,90670
9.859627,10.508447,90680
9.413292,9.889306,90701
8.888653,9.993015,90703
4.8564835,15.96916,90704
9.81319,10.526178,90706
8.58269,11.042045,90710
9.351598,11.622313,90712
9.081132,11.680964,90713
9.802456,10.258758,90715
9.833643,10.540274,90716
8.000652,11.363903,90717
7.149888,10.988118,90720
9.298257,11.678111,90723
8.295417,10.886455,90731
7.6405997,11.121726,90732
7.0223765,11.195102,90740
4.6105447,11.775376,90742
5.098999,11.58093,90743
9.281287,11.404634,90744
9.595036,10.0114975,90745
8.156995,10.049556,90746
8.2083,10.577289,90755
9.183074,11.079731,90802
6.655762,11.139608,90803
9.431333,11.45869,90804
9.832924,10.570967,90805
9.715194,10.936714,90806
8.323955,11.189654,90807
8.388411,11.469489,90808
9.7921095,10.733405,90810
9.761548,10.233357,90813
7.740425,11.166713,90814
8.020036,11.33331,90815
5.4452314,10.306758,91001
6.499207,11.076904,91006
6.507019,11.128933,91007
2.6793096,11.998383,91008
7.844104,11.289172,91010
3.549988,12.100539,91011
5.575911,10.32696,91016
7.921984,11.350148,91020
5.2593226,10.484812,91024
5.059882,10.359054,91030
5.4475975,10.253578,91040
5.6461635,10.112057,91042
7.257814,11.245218,91101
5.2911134,10.459929,91103
7.890786,11.272755,91104
3.526116,12.0543375,91105
4.592523,11.795561,91106
5.716657,10.42812,91107
4.9151125,11.668285,91108
7.106571,10.912215,91201
6.592761,10.986443,91202
9.320997,9.813497,91203
9.089639,10.621458,91204
8.911387,10.976732,91205
4.6087275,10.343756,91206
4.9259424,11.399726,91207
4.7144537,10.360983,91208
7.5492783,5.842307,91210
5.989877,10.20983,91214
5.01824,10.966874,91301
2.983159,11.987041,91302
8.20831,10.023518,91303
6.7877827,10.830955,91304
8.079118,10.063312,91306
5.242385,11.022169,91307
5.294699,11.4918,91311
3.7049167,11.867059,91316
5.292987,10.477196,91320
5.1853848,10.514047,91321
7.042113,10.673424,91324
6.1498294,11.369008,91325
5.198131,11.332394,91326
9.356273,10.009466,91331
8.224163,10.040516,91335
9.355746,10.231159,91340
7.818983,10.613971,91342
7.615981,10.358779,91343
6.867737,10.815797,91344
8.485777,10.041394,91345
5.5258603,10.288672,91350
5.7195444,10.213907,91351
8.00397,10.555335,91352
5.9714303,10.2506,91354
6.9951878,10.918248,91355
3.6878538,11.908764,91356
5.8314605,10.231221,91360
3.6019635,12.11335,91361
5.002356,11.010301,91362
4.938392,11.473043,91364
5.802383,11.518646,91367
5.066386,10.956353,91377
6.576174,5.425936,91380
4.6829596,11.391949,91381
5.060293,10.308179,91384
4.8276763,10.478013,91387
4.72343,10.403461,91390
6.8824573,10.812691,91401
9.1605425,9.875981,91402
3.5780191,12.043356,91403
8.226336,10.038171,91405
8.14777,10.042689,91406
8.169376,10.665005,91411
3.6406462,12.00435,91423
3.286301,11.973389,91436
6.2315865,11.033744,91501
9.093095,9.936768,91502
6.0502224,10.357951,91504
8.418128,10.938923,91505
8.394073,10.950908,91506
8.167626,10.654484,91601
3.7153568,11.865943,91602
3.4333503,12.0984335,91604
8.541189,10.602083,91605
8.6167965,10.48084,91606
6.0407195,11.416848,91607
8.086966,10.573963,91701
8.825749,11.250147,91702
9.334867,11.625072,91706
7.8835697,11.4035,91708
5.89676,10.392938,91709
8.683918,10.554235,91710
6.1939926,10.843838,91711
7.0313025,5.449621,91719
6.959126,5.336866,91720
9.745274,10.831789,91722
8.549789,11.157462,91723
5.7018733,10.210333,91724
8.908227,10.452283,91730
9.503837,11.466354,91731
9.786117,10.661493,91732
9.748347,10.807016,91733
5.970217,11.283665,91737
7.012423,10.687399,91739
8.309403,11.348686,91740
5.472965,10.408247,91741
9.226741,10.186339,91744
5.84421,10.185728,91745
9.393701,9.97324,91746
8.129621,10.619014,91748
5.557386,10.274964,91750
8.2859335,10.633941,91752
9.165057,11.417287,91754
9.160928,11.58238,91755
1.3578744,9.071075,91759
6.9185247,5.3372235,91760
9.23171,10.371451,91761
9.148517,11.148395,91762
9.527837,9.964913,91763
9.416121,9.91269,91764
5.2114215,10.433438,91765
8.748482,10.597683,91766
9.480416,10.523041,91767
9.024501,11.279391,91768
9.383273,11.511609,91770
5.112877,10.295505,91773
8.737106,11.04346,91775
9.363702,11.567972,91776
9.031394,11.253909,91780
6.9114428,10.937136,91784
7.659393,5.7521944,91786
5.80029,10.432533,91789
9.182748,11.100024,91790
5.3909483,10.251291,91791
9.047499,10.311899,91792
7.0561833,5.3875313,91793
9.030758,11.623956,91801
8.956952,11.621826,91803
5.2537,16.236458,91901
6.7052402,16.62763,91902
5.947586,16.371672,91905
5.9102383,16.362843,91906
7.037302,17.501413,91910
6.8847103,17.891418,91911
7.1194987,17.515535,91913
7.3036375,16.612213,91914
7.145993,17.397491,91915
4.8139415,16.186405,91916
5.2884398,16.23341,91917
5.1795144,16.18921,91931
6.8642592,17.91356,91932
7.2491174,17.130848,91934
5.3180227,16.210335,91935
7.0994654,17.19078,91941
6.9514155,17.773344,91942
6.7942524,18.030668,91945
4.7266273,16.242886,91948
6.803499,18.055902,91950
5.051893,16.1934,91962
5.7859826,16.330599,91963
7.017468,17.565304,91977
6.2739396,16.54832,91978
5.210782,16.219276,91980
6.5231776,16.475391,92003
6.9908905,5.0854125,92004
7.1628227,17.279522,92007
7.1430554,17.25984,92008
6.8857923,16.532864,92009
6.9995465,17.019468,92010
6.9587555,16.560137,92011
3.5640204,12.157405,92014
6.559621,16.640451,92019
7.1089115,17.297964,92020
6.706335,16.74799,92021
7.1696844,16.585253,92024
6.64045,16.702887,92025
6.503492,16.668734,92026
7.074966,17.297264,92027
6.409094,16.520327,92028
6.2929034,16.47336,92029
5.0064416,16.164984,92036
3.4811223,12.06874,92037
4.7332416,16.048412,92038
6.5643888,16.63863,92040
6.6102743,5.4212995,92052
6.990689,17.566427,92054
7.0433407,17.484455,92056
7.055092,17.485199,92057
6.9813943,17.595304,92058
4.739827,16.060255,92059
4.7190776,16.141508,92060
6.45273,16.492828,92061
6.692666,16.547785,92064
6.1975527,16.488146,92065
6.3598585,16.493332,92066
2.5962071,11.956875,92067
7.071481,17.24544,92069
4.9820685,15.841991,92070
7.599643,17.28152,92071
7.368675,16.590866,92075
6.5346355,16.55609,92078
7.0715137,17.369484,92081
5.9610004,16.372894,92082
6.7876644,17.974014,92083
6.6659327,16.76245,92084
5.452354,16.254982,92086
6.9566884,5.090137,92088
3.2596664,12.039478,92091
7.0767794,17.417046,92101
6.8250127,17.994482,92102
6.8229136,16.78125,92103
6.954857,17.69841,92104
6.7921247,18.034868,92105
7.2161384,17.222744,92106
7.1416845,17.489288,92107
7.7106547,17.236498,92108
7.2072124,17.32492,92109
7.101195,17.347082,92110
7.004028,17.617455,92111
6.778424,18.045727,92113
6.815548,18.004795,92114
6.9941764,17.62175,92115
6.959276,16.995811,92116
7.0697885,17.3115,92117
7.529692,16.532358,92118
7.0782156,17.174646,92119
6.8024006,16.846699,92120
6.4049115,16.496964,92121
6.8204513,16.80433,92122
7.0375667,17.534739,92123
6.5286183,16.58324,92124
7.0281568,17.546944,92126
6.936006,16.511072,92127
7.003824,17.049025,92128
6.6897445,16.715393,92129
7.03964,16.497948,92130
6.3547955,16.460478,92131
6.7781434,18.049889,92139
7.028446,17.549698,92154
6.92762,17.794271,92173
9.076345,16.755981,92201
8.955237,16.767635,92203
3.313024,11.91149,92210
8.602112,16.900978,92211
8.409239,17.112514,92220
8.47958,17.175558,92223
3.424313,8.111849,92225
6.990797,4.9434595,92227
8.432781,17.304579,92230
6.9957695,4.9023547,92231
6.977912,4.885284,92233
8.97607,16.75063,92234
9.253449,16.643917,92236
8.388295,17.352852,92239
9.307881,16.56771,92240
8.991904,16.757704,92241
3.461491,8.1321745,92242
7.0158515,4.9381123,92243
6.999223,4.904799,92249
6.9969764,4.937844,92250
7.003407,4.880368,92251
8.241437,17.34294,92252
7.718791,16.649952,92253
9.173925,16.674955,92254
6.9033933,5.294809,92255
8.205211,17.341055,92256
5.0269136,10.865225,92257
9.114728,16.69789,92258
8.04272,17.222715,92259
7.6239347,16.570374,92260
8.358008,16.778967,92262
7.584249,16.56083,92264
8.616223,16.922749,92266
6.7045302,5.3227234,92267
6.4104967,16.470774,92268
7.517628,16.521936,92270
9.264895,16.614258,92273
9.019073,16.749292,92274
7.0129313,4.9258084,92275
9.158927,16.674517,92276
8.2717905,17.1625,92277
6.843898,5.1717253,92278
3.3292356,8.160488,92280
6.9715033,4.871461,92281
8.344818,17.365639,92282
8.773899,16.919868,92283
8.335129,17.301659,92284
8.036503,17.237888,92285
8.772251,18.42849,92301
4.773884,16.326847,92305
8.517329,17.831112,92307
8.509449,17.820316,92308
3.372448,8.141895,92309
8.007088,17.167332,92311
8.74227,18.392515,92313
5.2981195,16.222319,92314
5.1707397,16.233425,92315
8.860109,18.535595,92316
4.6898804,16.11922,92317
3.435166,8.107905,92318
8.091205,17.271154,92320
4.64339,16.112143,92321
4.6478953,16.124584,92322
8.708187,18.33908,92324
4.644308,16.127714,92325
4.6605835,16.09242,92326
3.432036,8.116004,92327
7.0206356,4.982917,92329
7.027044,4.9510207,92332
4.7017674,16.250732,92333
7.0092096,5.3050237,92334
8.881195,18.568241,92335
8.781448,18.441137,92336
8.779061,18.436695,92337
6.838096,5.1401916,92338
4.677455,16.191242,92339
4.7237463,16.250011,92341
8.754915,18.414524,92342
8.554792,17.887096,92344
8.506371,17.81621,92345
8.610339,18.054813,92346
3.3535473,8.142652,92347
6.6573815,5.3812957,92349
4.6862845,16.185423,92352
8.723573,18.368633,92354
8.034334,17.232584,92356
4.7948885,16.306513,92358
8.539649,17.882055,92359
8.864907,18.517643,92363
3.4557743,8.136072,92365
6.651236,5.3482394,92366
8.111814,17.2855,92368
8.461953,17.676111,92371
8.401175,17.66792,92372
8.456713,17.616003,92373
8.762818,18.42865,92374
2.928109,11.597886,92375
8.897121,18.584562,92376
8.781209,18.446924,92377
4.711797,16.192568,92378
4.6871047,16.244486,92382
3.3652647,8.128273,92384
4.649087,16.132116,92385
5.1849756,16.246593,92386
3.3687112,8.140001,92389
4.687866,16.19784,92391
8.723318,18.361044,92392
8.6819,18.200209,92393
8.745397,18.383957,92394
8.680206,18.260357,92395
1.6686407,9.375661,92397
7.9913793,17.19841,92398
8.442618,17.677113,92399
6.9601235,4.9604235,92401
8.915519,18.59144,92404
8.881545,18.576841,92405
8.585369,17.96834,92407
8.903216,18.593004,92408
8.885616,18.57058,92410
8.904243,18.592642,92411
9.14059,16.681307,92501
8.73928,16.92879,92503
9.002861,16.750757,92504
9.248747,16.595942,92505
8.562806,16.821022,92506
8.433126,17.065363,92507
8.776459,16.794035,92508
8.935301,16.818975,92509
8.546623,17.134258,92530
8.54246,17.026726,92532
5.985763,16.38252,92536
6.0116634,16.389439,92539
9.189672,16.649988,92543
8.857058,16.93045,92544
9.059507,16.746372,92545
8.342234,17.368141,92548
4.7558947,16.290161,92549
9.297786,16.578524,92551
9.063399,16.712467,92552
9.270493,16.604866,92553
8.970413,16.762249,92555
9.077179,16.754223,92557
6.3427644,16.45865,92561
8.089789,16.888985,92562
8.567864,17.012985,92563
8.476074,17.179646,92567
8.414623,17.238657,92570
9.166677,16.664995,92571
9.172943,16.663933,92582
9.315758,16.573198,92583
8.6563,16.961637,92584
8.925248,16.799078,92585
9.275948,16.600475,92586
8.57926,16.907358,92587
2.77079,11.84851,92589
3.4174201,12.261383,92590
8.758632,16.899353,92591
8.466115,16.91373,92592
8.408079,17.181793,92595
8.554089,17.123451,92596
6.7628336,11.136118,92602
4.385109,11.87396,92603
7.3998575,9.734863,92604
7.4009323,9.671786,92606
5.656056,10.8279915,92610
6.64255,10.529136,92612
7.3947325,9.682068,92614
6.647105,11.090876,92617
3.5015657,8.117969,92618
7.5298676,9.495598,92620
6.8618503,5.099102,92621
5.9144907,11.36972,92624
3.8423777,11.916524,92625
7.4182754,9.62402,92626
7.626455,9.385987,92627
4.85192,11.700668,92629
7.0014706,10.120677,92630
7.5044184,5.817561,92631
6.8249197,5.4586024,92633
6.8217807,5.4281454,92635
8.018342,8.613085,92637
6.7354207,5.4762387,92645
7.496626,9.563839,92646
7.7603493,9.261179,92647
6.0816875,11.127939,92648
6.232912,11.034472,92649
3.4549348,12.1431875,92651
5.440973,11.666584,92653
8.02995,8.6090765,92655
6.1014853,11.037951,92656
2.8791413,11.992676,92657
3.965738,11.890934,92660
4.231957,11.875302,92661
4.598351,11.777812,92662
4.7367387,11.741533,92663
7.501654,5.8043385,92665
7.0321116,5.361575,92667
7.503752,5.852443,92668
6.6703863,5.429308,92670
5.6678486,11.1349125,92672
4.935335,11.540302,92673
4.7767363,11.595192,92675
4.7234406,16.1392,92676
5.08655,11.488933,92677
4.724984,16.066154,92678
3.7057016,12.039491,92679
8.087791,8.529264,92683
7.013116,5.402129,92686
7.497555,5.828494,92687
5.7611446,10.905448,92688
6.9075165,10.296235,92691
6.091334,11.18506,92692
5.5579405,10.806509,92694
6.420451,5.441721,92697
8.083763,8.525567,92701
8.124279,8.491872,92703
8.125033,8.459476,92704
6.027996,11.117702,92705
7.9329762,8.756535,92706
8.138094,8.460802,92707
7.345515,9.7365465,92708
7.5083065,5.81297,92714
6.60065,5.4338193,92720
7.707216,9.209346,92780
6.113148,11.018498,92782
8.1150675,8.494566,92801
7.989301,8.667412,92802
8.087008,8.527687,92804
8.072043,8.544699,92805
7.9614887,8.710576,92806
6.1010885,11.015756,92807
5.98169,11.181728,92808
5.958082,11.478052,92809
5.5020013,10.252635,92821
5.6595144,10.65252,92823
7.587679,9.398148,92831
7.9553804,8.775062,92832
7.8443623,8.9135065,92833
6.2578835,10.993549,92835
8.040698,8.592378,92840
8.124139,8.483123,92841
8.107928,8.470317,92843
8.04303,8.59138,92844
7.7875276,9.316141,92845
7.7258673,17.05809,92846
6.0220203,10.7840395,92860
4.4923186,11.845182,92861
7.7640834,9.103393,92865
7.7330832,9.282179,92866
7.2802057,9.938912,92867
8.004314,8.637295,92868
6.0812817,11.053538,92869
7.5981183,9.379335,92870
7.2515798,9.866474,92879
7.2697086,9.890078,92880
6.092249,11.118418,92881
6.371627,10.529102,92882
5.9508057,10.788632,92883
5.8895345,10.971641,92886
5.009925,11.410465,92887
5.4990172,9.366884,93001
5.66506,9.246317,93003
5.750802,9.055627,93004
5.4693418,9.396709,93010
5.3801837,9.748824,93012
5.076402,11.076687,93013
5.6835475,9.094141,93015
5.316572,9.79359,93021
4.9840813,10.244033,93022
4.740916,10.341005,93023
9.301436,9.668666,93030
9.43364,9.680761,93033
5.653054,9.104449,93035
5.766507,9.087564,93036
5.655133,9.18107,93040
9.451322,9.756132,93041
5.6730766,9.219406,93060
5.520266,9.262925,93063
5.4380465,9.504306,93065
4.8258843,11.405005,93066
4.546766,11.674349,93067
5.5373673,9.331495,93101
4.91641,10.9868,93103
4.7887235,10.456707,93105
3.2493112,8.209566,93106
2.5568287,11.94421,93108
5.3663797,9.766595,93109
4.494764,11.513543,93110
5.2774434,9.7665,93111
5.31787,9.579494,93117
8.971511,5.6573377,93201
8.650022,5.558568,93202
8.570964,5.5328918,93203
8.507245,5.494371,93204
2.8077214,9.660954,93205
8.570916,5.533119,93206
1.5519501,9.35645,93207
-2.9968934,11.727023,93208
9.411915,5.93901,93210
8.326744,5.5490217,93212
8.309023,5.556609,93215
6.087841,9.318078,93218
8.48757,5.5274134,93219
6.2673016,5.4658103,93220
8.6620245,5.611283,93221
1.6612313,9.343742,93222
8.370057,5.542166,93223
6.07146,9.3080845,93224
3.0586734,9.64565,93225
3.138575,9.627477,93226
8.5405445,5.529137,93227
8.618203,5.552994,93230
8.573818,5.529055,93234
8.427174,5.541571,93235
2.828962,9.656791,93238
9.100866,5.7281857,93239
5.0633717,10.240306,93240
8.498208,5.5308776,93241
8.643713,5.563885,93242
2.1676521,9.561926,93243
5.018089,10.254782,93244
8.735796,5.5616374,93245
9.19081,5.7319374,93247
9.288809,5.8089247,93249
8.52501,5.522237,93250
3.274295,8.252474,93251
5.8558187,9.286452,93252
6.071594,9.308342,93254
4.9352045,10.283762,93255
8.608069,5.5474787,93256
9.332693,5.8555346,93257
8.887702,5.6374755,93258
1.572514,9.276845,93260
8.724878,5.576172,93261
9.152808,5.7345223,93263
3.4625359,9.842873,93265
8.365863,5.53815,93266
9.368931,5.8899474,93267
5.7249036,9.257742,93268
9.36225,5.8831053,93270
2.8503644,9.666033,93271
8.540733,5.518647,93272
9.372898,5.8826838,93274
3.6141634,8.450367,93276
9.12023,5.7355375,93277
9.359078,5.8722334,93280
4.995895,10.263123,93283
2.5942476,9.633812,93285
8.98916,5.6914935,93286
3.701309,9.363298,93287
9.164434,5.7387767,93291
9.340396,5.853282,93292
9.3548155,5.8759856,93301
8.818944,5.6257453,93304
8.934748,5.6527047,93305
9.316093,5.84739,93306
8.838693,5.6258216,93307
9.391174,5.909478,93308
9.352707,5.8721147,93309
9.372777,5.9365625,93311
9.3744,5.894286,93312
9.277357,5.8082294,93313
6.1834354,9.272297,93314
4.262641,8.961461,93401
4.4266853,8.907432,93402
4.2799053,8.960394,93405
5.9152064,5.5142198,93412
4.183003,9.078824,93420
0.8938097,10.650418,93421
3.8083742,9.3299055,93422
1.05384,8.567655,93424
1.85185,9.529127,93426
5.0665493,8.693346,93427
3.0138197,9.616985,93428
3.8112295,9.338911,93429
5.0909514,8.734744,93430
3.6187193,9.477473,93432
4.9686475,8.599494,93433
5.0286493,8.578111,93434
1.0971063,8.70969,93435
5.0088334,8.617516,93436
4.264466,9.02622,93440
4.4689302,9.521318,93441
4.805401,8.728018,93442
4.7614775,8.796571,93444
5.0332727,8.577075,93445
4.382098,8.939864,93446
4.3458242,9.002592,93449
3.8648555,8.737112,93450
3.9511101,8.8267765,93451
2.428151,11.4725275,93452
4.1019444,9.106175,93453
5.043007,8.593699,93454
4.9359035,8.620512,93455
5.0675554,8.547177,93458
4.4643755,9.529023,93460
4.408156,8.876816,93461
4.37708,9.077901,93463
4.289273,9.078096,93465
4.6738977,8.8632145,93501
6.5727754,5.538699,93502
7.3296695,5.5212164,93504
4.9415884,8.75889,93505
3.8323073,9.9261055,93510
3.9801333,9.014942,93512
4.2650795,8.9463825,93513
3.800424,8.820245,93514
5.0111704,8.688712,93516
3.7167735,9.310071,93517
3.609271,9.647696,93518
7.7977257,5.5972586,93519
5.2420516,8.94939,93523
4.682079,8.85926,93526
3.9910018,9.077987,93527
3.7241075,8.617989,93528
1.6471401,9.397678,93529
2.041716,9.609453,93531
2.1360104,9.567874,93532
5.241772,8.733299,93534
5.131209,8.72517,93535
5.3072214,9.005948,93536
6.2498446,5.470991,93539
3.640554,9.313192,93541
5.012762,9.286098,93543
4.3426075,9.336608,93544
4.7471223,8.885738,93545
3.4006455,9.731283,93546
4.188314,8.920271,93549
5.3330045,8.7547655,93550
5.346933,9.12685,93551
5.29812,8.770903,93552
4.9220324,10.803435,93553
5.088109,8.650607,93554
4.602555,8.879415,93555
4.925064,8.752977,93560
3.8596811,9.333569,93561
4.892471,8.765845,93562
1.321072,8.992712,93563
6.21792,5.4636006,93581
4.8218856,8.878101,93591
2.1525238,9.554734,93601
-2.9349978,11.67477,93602
2.051031,9.523449,93603
1.7435262,9.450074,93604
-3.3241885,11.989079,93605
10.639897,-2.231309,93606
5.9586124,5.493812,93607
10.138567,-2.370385,93608
10.558851,-2.324781,93609
9.935768,-2.4768765,93610
10.373902,-2.4371393,93611
10.341176,-2.3220673,93612
2.8736963,11.510379,93613
2.5341003,9.596514,93614
10.649221,-2.2591808,93615
10.305776,-2.460947,93616
9.960977,-2.469998,93618
9.934331,-2.5024338,93619
10.414995,-2.330443,93620
0.9919879,8.530938,93621
10.614236,-2.2003546,93622
1.7393286,9.4617,93623
9.971104,-2.4732714,93624
9.946148,-2.4748862,93625
3.1013172,9.633412,93626
10.263044,-2.321727,93627
1.4458834,9.461059,93628
5.883874,5.4992356,93629
10.610043,-2.2711945,93630
9.936452,-2.49348,93631
1.4229132,9.196933,93633
-3.2993977,11.9230585,93634
10.074139,-2.4083724,93635
4.2945566,8.991976,93636
10.611996,-2.3075488,93637
10.286948,-2.4821215,93638
10.606058,-2.2083173,93640
1.8007964,9.477846,93641
-0.45906863,11.764815,93642
-0.8389759,11.178367,93643
2.2142434,9.561618,93644
1.8165698,9.52538,93645
10.538626,-2.2324445,93646
10.597052,-2.2742674,93647
10.271619,-2.2956114,93648
5.6472034,5.661453,93649
10.590617,-2.1691854,93650
2.944292,9.634632,93651
10.292813,-2.4638143,93652
3.1806293,9.654728,93653
9.978396,-2.4591203,93654
10.603915,-2.271731,93656
9.9705105,-2.438289,93657
10.652011,-2.234685,93660
5.938078,5.4926224,93661
9.927563,-2.4905317,93662
-1.8854632,11.287685,93664
10.474499,-2.1954916,93665
3.162249,8.347541,93666
2.4242485,9.599299,93667
10.646802,-2.2804065,93668
-0.7861514,11.168277,93669
9.991308,-2.4248495,93673
2.9933546,9.635104,93675
10.13774,-2.4030302,93701
10.615623,-2.1808534,93702
10.609452,-2.1796174,93703
10.360701,-2.4077535,93704
10.5854435,-2.174911,93705
10.574868,-2.2828848,93706
10.455384,-2.3622468,93710
10.356276,-2.4342487,93711
10.405871,-2.462027,93720
10.555094,-2.3029904,93721
10.487083,-2.3603954,93722
9.865501,-2.5081286,93723
10.617718,-2.191138,93725
10.427248,-2.3014574,93726
10.099835,-2.3775573,93727
10.549571,-2.168173,93728
5.55046,5.9219236,93729
10.210181,-2.4806397,93730
9.883378,-2.5220957,93737
-3.4141681,11.959114,93750
10.664474,-2.2911737,93760
-0.5308697,1.3961096,93901
-0.4894401,1.4027697,93905
-0.49911395,1.3575538,93906
-1.2399809,7.9939623,93907
-1.19457,7.961275,93908
5.5849023,5.5582037,93912
2.290539,11.872095,93920
0.5618527,9.903722,93921
2.5422854,11.443555,93922
0.3684897,10.136439,93923
-0.54575175,10.172564,93924
4.1696477,9.021425,93925
-0.45094755,1.3995273,93926
-0.47791815,1.327304,93927
-1.0988431,5.816055,93928
-0.40034103,1.678553,93930
3.6087255,8.973955,93932
-0.35380426,1.7143178,93933
-1.2278848,7.94518,93940
4.2061667,8.972372,93950
0.8357228,10.661414,93953
1.3815956,8.25414,93954
-0.43386683,1.4350756,93955
-0.42279938,1.6307163,93960
-0.33070552,1.7527734,93962
-1.5110741,6.5632467,94002
-1.559127,6.4394135,94005
0.9387567,10.732489,94010
-3.4738305,5.100909,94014
-3.503408,5.080122,94015
5.412182,5.5046916,94016
-1.8007706,4.8844523,94017
-2.0093696,4.8099656,94018
-3.0457757,5.08862,94019
-0.4319241,9.7939415,94020
-0.47806302,9.813987,94021
0.96285105,10.756627,94022
-1.445209,5.245456,94024
-1.3553852,6.498251,94025
1.6196024,11.693315,94027
1.0049521,10.895126,94028
-2.9164944,5.0298324,94030
-1.3131943,6.716644,94037
-3.009558,5.078097,94038
-3.0356398,4.588838,94040
-3.1802108,4.7258334,94041
-3.2962599,4.74448,94043
-1.6014745,6.5515094,94044
0.69071406,10.510531,94060
-2.977699,4.9703693,94061
0.9098022,10.721076,94062
-3.5176435,5.063258,94063
-3.147839,5.0443425,94065
-3.2238894,4.9564266,94066
-1.6087157,6.250739,94070
0.75066334,10.600849,94074
-3.4282458,5.0323687,94080
-3.4739723,4.8682227,94085
-3.4359589,4.9412127,94086
-3.3078222,4.7858396,94087
5.341564,5.5446124,94088
-3.5151112,4.9923882,94089
-1.4346204,5.10125,94102
-1.4401574,4.7935705,94103
5.3888927,5.8203425,94104
-3.0554004,4.376341,94105
-1.5752995,4.988308,94107
1.5569296,11.564791,94108
1.5912757,11.626597,94109
-1.6079676,4.9574904,94110
1.6474297,11.677341,94111
-3.3288903,5.080364,94112
-1.342744,5.2420464,94114
1.6324781,11.677599,94115
-3.1785097,5.0893803,94116
1.2241707,11.008214,94117
1.3294216,11.102654,94118
-1.5166377,4.903872,94121
-3.052192,5.078226,94122
1.5778116,11.611232,94123
-3.3601558,5.107279,94124
-1.5465219,4.966826,94127
5.467886,5.4717026,94130
-1.6346179,4.958394,94131
-3.234971,5.112613,94132
1.3008264,11.078335,94133
-3.395588,5.0587945,94134
5.3594565,5.5300636,94142
5.387395,5.5994015,94150
-3.1751127,4.2399287,94158
-1.1874441,5.8619866,94301
-2.341187,3.4709985,94303
0.82444686,10.6692295,94304
-1.1780597,7.1712823,94305
-2.3214035,4.0593953,94306
-2.3034937,3.164198,94401
-1.6513443,5.623052,94402
-2.362015,3.690422,94403
-2.2313855,3.4127932,94404
-1.9549924,4.248909,94501
-2.237506,4.0901713,94502
-2.1524968,3.0784957,94503
-1.9592751,3.9462867,94505
-1.2295913,5.504313,94506
0.81140834,10.664738,94507
-0.37112266,10.120115,94508
-2.2306435,2.9017696,94509
-2.3716476,4.2043085,94510
-2.425571,5.5048175,94511
-1.4213711,3.8183894,94512
-1.9793686,3.898102,94513
-1.2739687,3.9597735,94514
-3.3162913,11.238026,94515
0.9564155,8.619267,94516
-1.7417884,5.4263635,94517
-2.4672134,3.634322,94518
-2.6033149,2.9636588,94519
-2.421349,2.7864873,94520
-2.5618012,3.7221718,94521
5.0830574,5.638512,94522
-2.4620647,4.183452,94523
-1.7044564,6.3860207,94525
-1.4423847,5.7721477,94526
0.9414852,10.827559,94528
-2.0178747,4.1438255,94530
-1.9360893,3.8600922,94531
-2.4782586,2.984824,94533
-2.166054,4.335209,94534
5.3794847,5.5264983,94535
-2.2910185,2.8587375,94536
5.4468274,5.522416,94537
-2.35503,2.6851196,94538
-1.8852578,3.718362,94539
-2.5112944,4.068924,94541
-1.2816746,7.5091257,94542
-2.4242013,2.891449,94544
-2.4843,2.8456511,94545
-2.468841,4.1285005,94546
-2.4472556,4.0774784,94547
-1.7375948,4.500689,94548
0.185084,9.995258,94549
-2.479687,3.9286137,94550
-2.7368808,3.85619,94551
-1.1547531,7.385215,94552
-2.4335692,4.1587195,94553
-2.3357046,2.715252,94555
-0.8311721,8.204252,94556
-2.2370157,5.6044407,94558
-2.7187114,4.0014105,94559
-2.5395148,2.9055667,94560
-2.6153016,3.462734,94561
1.6156033,11.647221,94562
0.21900454,10.079095,94563
-2.504098,4.168049,94564
-2.4938424,3.145252,94565
-1.8882537,4.58903,94566
-2.605072,11.46704,94567
-2.5261412,3.787961,94568
-1.0231043,7.448014,94569
-2.655757,3.0215855,94571
-2.5275426,2.9912755,94572
1.5773115,11.599268,94573
-3.396239,11.858108,94574
-3.3875859,12.01838,94576
-2.5851593,3.2903328,94577
-2.5387113,2.8938367,94578
-2.5673323,2.925661,94579
-2.5635407,2.950037,94580
-1.8907197,3.8962655,94582
-2.1209302,4.279183,94583
-2.4316423,2.8978035,94585
0.06839388,9.823669,94586
-2.269052,2.852247,94587
-2.021005,4.1224895,94588
-2.1165056,2.4049716,94589
-2.2081628,2.700259,94590
-2.1420026,2.8683665,94591
-1.5571824,3.1305516,94592
-1.0953476,8.324066,94595
-1.1276327,8.143027,94596
-1.5255431,6.1894083,94597
-1.789172,5.3190136,94598
-1.9988166,4.4592977,94599
-1.819314,3.7322052,94601
-1.5855263,5.5171056,94602
-2.1647832,2.8776917,94603
-1.5179405,5.9413524,94605
-1.758559,3.7887137,94606
-1.8544564,3.8637574,94607
-1.8221515,3.895658,94608
-1.7091249,4.2638135,94609
-1.2559093,5.4845667,94610
0.22066744,10.118306,94611
-1.8349198,3.945641,94612
5.365971,5.5533705,94613
5.464888,5.571453,94615
-1.2189114,5.4986343,94618
-1.6066664,5.6364403,94619
-2.0800757,3.0666091,94621
-1.9128677,3.8420045,94702
-1.7464448,4.33619,94703
-1.2141649,5.563507,94704
0.92124426,10.770276,94705
-2.087606,3.9011102,94706
-0.8890674,8.06761,94707
0.14794414,10.002173,94708
-1.2355827,5.4889827,94709
-1.9600658,3.815379,94710
-1.6347579,7.778663,94720
-3.4660895,5.0351925,94801
-1.6348342,6.385865,94803
-3.5249007,5.079324,94804
-3.2492473,4.940648,94805
-3.537103,5.088236,94806
-1.1782622,7.2179008,94901
-1.5845218,6.1743217,94903
0.8351632,10.669077,94904
1.6847614,11.70964,94914
1.0141048,10.842287,94920
-0.9102657,7.457955,94922
-1.2538764,7.091029,94923
-1.473794,5.061343,94924
-1.3151517,6.9042997,94925
-3.2316399,4.767919,94928
-0.64839137,8.059203,94929
-0.8963419,8.524336,94930
-3.159714,4.8538404,94931
-0.512248,9.526219,94933
-0.3403436,9.979588,94937
-0.4230811,9.498844,94938
-0.85436475,7.829751,94939
-1.136524,7.047891,94940
0.20260754,10.043413,94941
-1.5226369,6.317134,94945
0.7599395,10.637534,94946
-1.55208,6.2906747,94947
-1.4959832,6.275062,94949
0.95751095,8.335486,94950
-1.565433,6.1514497,94951
-2.7892387,4.946006,94952
-3.4332154,5.175262,94953
-3.2760665,4.8385515,94954
-0.49497524,8.52404,94956
1.6484282,11.676343,94957
-1.1051139,7.323166,94960
-0.28574392,9.470904,94963
-2.8391726,4.5238166,94964
0.7583108,10.569597,94965
-1.2261473,5.500682,94970
-0.33915734,7.849561,94971
0.030159784,8.067941,94972
-0.49981233,9.153885,94973
5.3201113,5.5655923,94974
-0.67772996,1.6170939,95002
-1.3042125,7.9021125,95003
-1.1604158,8.320192,95004
-1.0623572,9.95529,95005
-3.363138,11.930423,95006
-2.6518078,11.417126,95007
-0.6953758,1.7899587,95008
-0.8780451,1.7929943,95010
-1.4819458,1.526876,95012
-1.2822083,4.550917,95013
-0.98203707,1.9766312,95014
-3.397985,11.962017,95017
-0.8621568,9.535476,95018
-1.8446205,0.99994653,95019
-2.056828,4.261204,95020
-0.7683314,1.9461646,95023
-1.7219652,4.8433247,95024
0.84789866,10.642744,95030
-1.9605116,0.70990807,95031
-1.5766757,5.5084267,95032
0.05875522,10.050807,95033
-1.0798562,1.2173618,95035
-1.6539267,5.44231,95037
-0.72730726,1.7705362,95039
-2.5051928,11.38863,95041
0.7739667,10.597451,95043
-1.3183845,5.9921355,95045
-1.639329,5.140015,95046
-0.6238705,1.607903,95050
-0.867014,1.3050432,95051
-1.1690043,1.1109922,95054
-3.3625617,11.224835,95060
-1.6129521,7.772485,95061
-0.8380139,1.7292262,95062
-1.7679772,6.597061,95064
-1.256969,8.0414505,95065
-1.1711313,8.440583,95066
-1.4789144,5.416033,95070
-1.2362667,8.171803,95073
-1.4804426,5.741358,95075
-1.5730362,1.7350293,95076
-1.8805189,0.96823925,95110
-1.2417351,1.0536264,95111
-0.91816306,1.6239125,95112
-1.7666044,1.0620507,95113
-2.0538518,0.7862294,95116
-0.9135686,1.4386759,95117
-0.6414481,1.6163526,95118
-0.58194286,1.7821884,95119
-1.9599512,4.4256186,95120
-1.1723162,1.22671,95121
-2.043389,0.77303517,95122
-0.6018161,1.7214403,95123
-0.67734885,1.7364907,95124
-0.83925706,2.0978308,95125
-0.8119449,2.0395632,95126
-1.5037472,1.4847023,95127
-0.64712554,1.6165961,95128
-1.1040388,1.1442965,95129
-0.6248675,1.5847024,95130
-1.2423742,1.0815058,95131
-0.9695094,1.4730762,95132
-1.1452073,1.1049793,95133
-1.8093984,0.96935695,95134
-1.8275812,3.7511055,95135
-0.7738162,1.7779319,95136
-1.7869227,4.6589637,95138
-0.7074605,1.7245317,95139
-3.2162955,11.202457,95140
0.2878273,10.16332,95141
-1.1637969,1.8810606,95148
5.214046,5.610885,95150
5.4966936,5.677401,95164
-1.7219166,3.2439911,95202
-1.9327863,2.2970445,95203
-1.937466,2.3436482,95204
-2.0459955,0.98276526,95205
-1.9809142,2.1967547,95206
-1.9024332,2.3656697,95207
-1.8554664,2.5377455,95209
-2.004925,2.1097155,95210
-1.6709282,2.8215888,95212
-1.897827,2.2789922,95215
-1.6526792,3.241436,95219
-1.8386843,3.7548363,95220
-1.2380213,3.9798996,95221
-0.9538981,8.639949,95222
-0.7861295,11.024116,95223
-0.81424326,11.07092,95224
-1.1503022,7.264776,95225
-0.046661966,9.867507,95226
-1.930774,5.3672066,95227
-0.96318394,8.223802,95228
-0.69020534,10.994559,95229
-1.6717409,2.771952,95230
-2.017481,2.5234241,95231
-0.7197518,9.98171,95232
-1.0335763,10.965746,95233
1.0568812,8.320542,95234
-1.7200638,3.5004282,95236
-1.8917443,2.4473696,95237
-1.9299513,2.3817635,95240
-2.0719178,2.628173,95242
-0.7704217,8.966428,95245
-0.8782865,9.663995,95246
-0.57858324,9.976467,95247
-0.8890657,11.600755,95248
-1.0302548,8.209851,95249
4.9569526,5.696632,95250
-0.7357444,11.143806,95251
-1.1025125,7.692563,95252
-3.1432917,4.0408535,95253
-1.0284082,7.3487206,95254
-0.6975127,11.079837,95255
-0.644515,11.329611,95257
-1.6813159,2.7823567,95258
-1.2404298,1.0576108,95301
-1.7876589,1.2042407,95303
-1.6617023,3.4537163,95304
1.0544231,8.753861,95305
-1.0031483,8.173659,95306
-1.9440217,0.9006112,95307
-0.45061502,8.328476,95309
-0.7640542,11.213057,95310
-0.67694825,10.94319,95311
-1.76647,1.2737894,95312
-1.5737786,1.1059732,95313
-3.4233856,12.053105,95314
-2.062998,0.72939724,95315
-1.1331848,1.1760821,95316
-1.2818105,3.8427913,95317
-0.7918067,10.472296,95318
-2.0590231,0.7492182,95319
-1.3677381,1.3939201,95320
-0.7021253,11.188424,95321
-1.9538649,0.83328295,95322
-1.8556948,1.0859706,95323
-1.9558858,0.8984952,95324
-1.1783912,6.0371227,95325
-1.1481954,1.1404895,95326
-0.86033404,8.9254265,95327
-2.0923152,0.7023066,95328
-1.1042037,8.317772,95329
-0.6274977,1.5822636,95330
-1.7187381,0.88036984,95333
-1.8804674,0.7790532,95334
-0.79040194,11.019644,95335
-1.7348738,1.0613061,95336
-0.92033327,1.3135669,95337
-0.5996093,9.837255,95338
-1.9631243,0.93315274,95340
-0.6099131,1.7093716,95341
-0.78126067,10.513707,95345
-0.64257115,11.236958,95346
0.9999962,8.661066,95347
-1.2300928,1.037346,95348
-2.0242822,0.8173787,95350
-2.0831027,0.7372579,95351
5.4867773,5.7534533,95353
-2.0262635,0.8255603,95354
-1.781652,1.0353447,95355
-1.7517288,1.309387,95356
-1.9434791,0.9542006,95357
-2.0430958,0.82323855,95358
-1.9062437,0.8173251,95360
-1.7454954,1.241785,95361
-1.1213992,1.4743261,95363
0.97263587,8.723313,95364
-1.8982191,0.6955292,95365
-0.9062951,1.8146368,95366
-1.9824553,0.8682396,95367
-1.9868208,0.874548,95368
-1.4118818,1.4269221,95369
-0.66307825,10.833668,95370
-0.69421947,11.150427,95372
-0.5842216,1.7200835,95374
-0.80299056,10.496397,95375
-1.714579,1.2300825,95376
-1.0073994,1.9255842,95377
-0.7643595,10.977724,95379
-2.0801625,0.74124587,95380
5.4968705,5.5325885,95381
-1.877289,0.9810777,95382
-0.64818084,11.258507,95383
-1.3003889,3.922936,95385
-1.474509,0.9904172,95386
-1.3760619,1.3801339,95387
-1.8597547,0.66717356,95388
-0.79101235,10.964554,95389
-0.6109761,1.8035767,95391
-3.4167895,4.9716654,95401
1.6616596,11.682299,95402
-2.9970386,4.994621,95403
-1.5364157,6.6855245,95404
-2.7600198,5.056847,95405
-3.55698,5.014241,95407
-3.3832319,11.317166,95409
-0.5140934,9.367417,95410
-0.8431837,8.4135685,95412
-1.0473847,7.308233,95415
-3.569878,5.0814624,95416
-3.2047942,11.203072,95417
5.1112323,5.6250925,95418
-0.3656214,8.013421,95419
-0.7100328,8.577269,95420
-0.62663645,8.947588,95421
-1.53828,6.657459,95422
-2.0984094,6.117098,95423
-1.5689636,6.4044642,95424
-1.4548588,6.6433363,95425
-0.70553803,9.4914,95426
-0.060697433,8.304398,95427
-1.3948137,6.8189993,95428
-0.78814566,11.260597,95429
-0.7379119,9.30585,95430
-0.8727961,8.779952,95432
-3.1309206,4.3766747,95433
-0.24314848,7.8868957,95435
-0.7403854,8.094445,95436
-1.4761485,6.686293,95437
-3.1111827,4.8652916,95439
-3.3525836,11.448727,95441
-0.7111713,8.324291,95442
-0.8927098,9.6012,95443
-3.1077347,4.356156,95444
-0.7723336,9.576477,95445
-0.8690009,8.01559,95446
-3.299508,11.169502,95448
-0.5060556,8.047956,95449
-0.49214178,9.752691,95450
-0.7965253,9.484006,95451
-0.6566822,8.0121765,95452
-1.6861548,6.4392476,95453
-0.5611058,9.538142,95454
-0.35156384,9.616506,95456
-0.86681867,8.789886,95457
-1.4034245,6.863497,95458
-0.7483951,8.253092,95459
-0.70845425,8.440616,95460
-0.8277559,8.182873,95461
-0.8566573,8.105096,95462
0.24864306,8.300636,95463
-1.0604028,7.883284,95464
-0.729572,8.4725065,95465
0.04780193,8.251356,95466
-0.92401385,7.705669,95467
-1.0404563,8.393651,95468
-0.8190341,8.514135,95469
-1.1929275,7.157712,95470
-0.62737936,8.019842,95471
-1.5675511,6.299557,95472
5.399047,5.52483,95473
-1.570088,6.208515,95476
-1.062783,11.400778,95480
-3.1557288,4.194931,95481
-1.5620716,6.4570394,95482
-3.35542,11.284101,95485
0.7881386,8.524601,95486
-3.3094673,5.0699587,95487
-0.7254262,8.427408,95488
-0.72445714,9.053831,95490
-2.9137204,5.1384444,95492
-3.3743958,11.703731,95493
-0.19506536,9.666495,95494
-0.44521427,9.271212,95497
0.48947868,7.07544,95501
0.4917246,7.084129,95503
-1.6935117,10.783376,95511
-1.6831115,10.586741,95514
0.4920561,7.0774393,95519
0.47736952,7.0987725,95521
0.4582635,7.101463,95524
0.48528945,7.0963116,95525
-2.9413037,11.708583,95526
-1.7594993,10.750545,95527
0.23198481,7.4818134,95528
0.50772464,7.063103,95531
0.49725756,7.0803638,95536
0.4554639,7.155037,95537
5.380162,5.632538,95538
0.4523402,7.1250257,95540
-1.7966998,10.846569,95542
-1.4667456,9.66621,95543
-1.7915103,10.797969,95545
-1.513641,9.582003,95546
0.4627158,7.1430025,95547
0.25821456,7.5052733,95548
0.65647817,8.419381,95549
-1.6434921,10.654949,95550
0.31871876,7.5117536,95551
-3.3450422,11.968126,95552
-1.7681386,10.757314,95553
-1.7895185,10.731945,95554
-1.5396935,9.2035675,95555
-2.4145684,11.37038,95556
0.30934578,8.372045,95558
-1.777469,10.738878,95559
-1.5266265,9.440933,95560
0.49383417,7.067736,95562
-1.7483624,10.709146,95563
0.38181508,7.757446,95564
0.75286305,8.310618,95565
0.43533638,7.17311,95567
0.88809997,8.593929,95568
0.28480634,7.465625,95569
0.30610967,7.3841,95570
-1.5043232,9.603257,95571
-1.5216342,9.715472,95573
-1.5715488,9.210554,95585
-1.7589835,10.779089,95587
-1.558854,9.4006195,95589
-1.9627516,10.9872875,95595
0.6320706,8.4333315,95601
-1.1294957,9.509839,95602
-1.5207046,8.258301,95603
1.707304,11.699236,95604
-5.339102,2.8721557,95605
1.177576,8.206796,95606
-1.8655958,4.2185063,95607
-4.644502,2.8860824,95608
-5.0363007,2.8676891,95610
-2.0749762,4.2981706,95612
-0.80902267,8.272726,95613
-1.1014105,9.614457,95614
-1.4354068,3.7804859,95615
-4.248728,3.4477587,95616
-4.137609,3.5047257,95618
-1.2271136,9.394549,95619
-4.3883805,3.345473,95620
-5.1082196,3.1851177,95621
-1.2613944,9.087765,95623
-4.801654,2.8757634,95624
-3.218265,4.057718,95625
-5.174085,2.8015392,95626
-5.2683697,2.8176138,95627
-4.501504,2.9721236,95628
-0.52703947,9.984254,95629
-4.3650227,3.210177,95630
-0.899489,11.635181,95631
-4.4829392,3.3647306,95632
-0.88780445,11.518617,95633
-0.8998869,11.58196,95634
-0.84007925,11.525432,95635
-3.3462172,11.964632,95636
-3.1077242,4.1889906,95637
-2.0516667,4.260073,95638
-4.280368,3.4624655,95639
-2.831611,4.1631503,95640
-5.0256553,3.006281,95641
-1.1799101,8.263373,95642
-0.9245915,8.099956,95644
-4.6624837,3.3749402,95645
0.2381512,10.193689,95646
-4.3824587,3.2490013,95648
-1.4469625,7.5245023,95650
-0.9911001,11.244513,95651
-5.316226,2.944713,95653
-4.6926274,2.9100878,95655
-0.98825866,11.547637,95656
-1.454878,8.275715,95658
-1.7806166,3.982688,95659
-5.1838455,3.1982944,95660
-4.613444,2.9551487,95661
-4.666507,3.066602,95662
-1.4368802,7.570876,95663
-0.95589393,11.478422,95664
-0.85083634,11.141218,95665
-0.827736,11.487671,95666
-0.933076,11.280865,95667
-1.4147811,3.9354072,95668
-0.29247165,7.883576,95669
-4.809235,3.1643016,95670
-1.1758609,9.264294,95672
-5.22788,2.959334,95673
-1.4272553,3.8675604,95674
-0.6874769,11.330695,95675
-5.078897,2.830146,95676
-4.3713646,3.1664329,95677
-5.133049,2.8328876,95678
-0.22101952,7.958841,95679
-3.1956973,4.1428514,95680
-1.93714,6.1931686,95681
-1.325482,8.391322,95682
-2.0031672,4.3054414,95683
-0.9919612,11.025941,95684
-1.1937611,8.754226,95685
-4.293103,3.4451733,95686
-4.3429594,3.4114318,95687
-3.3909702,11.223269,95688
-0.963168,11.243772,95689
-1.3441783,3.8612351,95690
-4.9422474,2.8890297,95691
-4.5658565,3.0223846,95692
-1.8877156,4.3305297,95693
-2.4524472,5.7287097,95694
-4.8011336,3.3004885,95695
4.8226,5.7835703,95696
-3.256678,4.0460267,95697
-2.4297721,5.616864,95698
0.87868893,8.369458,95699
-0.9282297,11.052245,95701
-0.9893295,11.481261,95703
-1.0182233,11.425878,95709
-2.9279704,11.465938,95712
-1.1052359,11.424012,95713
-1.0188377,10.404478,95714
-0.894347,10.983079,95715
2.886078,11.495206,95716
-0.97765225,11.47766,95717
-2.4731784,11.395233,95720
-3.2698174,11.891017,95721
-0.95920837,11.446485,95722
0.16150963,10.17202,95724
-0.8247376,11.723231,95726
-0.9340815,10.015473,95728
5.0976443,5.623732,95730
-3.3400953,11.973427,95735
-1.0135709,11.045786,95736
-4.166116,3.5296338,95742
-1.4410498,7.506544,95746
-4.3864627,3.3673584,95747
-4.7719893,3.045027,95757
-4.8567505,2.795128,95758
-1.4568839,7.37121,95762
-4.3369293,3.312827,95765
-4.2097936,3.5012376,95776
-4.564825,3.051103,95811
-4.6343727,2.9777014,95814
-5.1847157,3.205643,95815
-4.5688143,2.916362,95816
-5.1689544,3.1813383,95817
-4.7048984,2.8620975,95818
-4.871345,2.8152282,95819
-5.1798244,3.2000291,95820
-4.8371196,2.9303217,95821
-5.3355455,2.8209262,95822
-5.2387977,2.9968522,95823
-5.3237743,2.9199812,95824
-5.0868287,3.212495,95825
-5.0879655,3.1512966,95826
-5.0376844,3.2147057,95827
-5.3851466,2.8735473,95828
-4.8284526,2.937138,95829
-1.4901959,3.9860508,95830
-5.0213537,2.7717261,95831
-5.285284,3.0539587,95832
-5.253714,2.9091358,95833
-4.711687,3.3810987,95834
-4.8824415,2.8238897,95835
1.3168333,8.225521,95836
-1.3456454,4.192565,95837
-5.1917114,3.19896,95838
-5.1585937,2.841736,95841
-5.1808286,3.1438558,95842
-4.959166,2.8501568,95843
-1.6383513,3.9080417,95864
-3.8205063,7.678033,95901
-0.91512656,11.693128,95910
-4.0149484,7.376079,95912
-3.8677807,7.6799345,95913
-1.5926244,9.814681,95914
-0.9138786,11.6592455,95915
-3.357259,12.050599,95916
-3.9223747,7.590466,95917
-2.1311746,9.357408,95918
-1.0318656,11.539479,95919
-1.278526,4.2272863,95920
-1.1122525,11.262166,95922
-2.5296996,11.472288,95923
-2.1457186,8.312629,95924
-0.92972434,11.704811,95925
-3.9142368,7.581805,95926
5.405078,5.6325226,95927
-3.3970616,11.161732,95928
-1.7805481,11.292056,95930
-4.0208716,7.3261337,95932
-3.3213468,11.988609,95934
-1.3638445,10.599534,95935
-1.2848116,10.757543,95936
-3.8213472,7.6947837,95937
-3.8480756,7.5858617,95938
-3.3527892,11.430571,95939
-2.7789783,11.545361,95940
-1.034338,11.450641,95941
-1.21891,10.992161,95942
-3.8355343,7.374727,95943
-0.9066494,11.670672,95944
-1.4810934,9.904868,95945
-1.6633289,9.728569,95946
-3.3344529,11.941965,95947
-3.9063678,7.6203294,95948
-1.1142789,11.317095,95949
-3.7964942,7.7239833,95950
-3.9031417,7.626688,95951
-3.9187112,7.6020746,95953
-3.4197798,12.054778,95954
-4.0259557,7.337837,95955
-1.6237494,9.950521,95956
-3.9180045,7.4605975,95957
-3.1900108,4.13514,95958
-1.3025259,11.080124,95959
-0.95936716,11.70154,95960
-3.9503908,7.5981226,95961
-2.1876466,11.22774,95962
-3.85906,7.669907,95963
-3.3880033,11.1706505,95965
-1.8973783,8.465517,95966
5.320605,5.5776925,95967
-3.852734,7.6774015,95968
-3.4253004,12.038137,95969
-3.975424,7.418117,95970
-2.1617403,9.21116,95971
-0.9456493,11.709927,95972
-3.8228374,7.6808815,95973
-3.1904118,4.1349926,95974
-1.139936,11.197142,95975
-1.6242162,9.647466,95977
-1.4468006,9.622617,95978
0.052835688,8.000666,95979
-1.1868603,10.180908,95981
-3.9711134,7.503605,95982
-2.084597,9.363051,95983
-1.337688,10.694275,95984
-1.1874098,10.75692,95986
-4.021771,7.4086995,95987
-3.94873,7.5253263,95988
-3.9217598,7.5976744,95991
-3.9469848,7.52233,95993
-3.3705196,11.344502,96001
-3.5302145,7.946545,96002
-3.3900576,11.190298,96003
0.08795669,8.161682,96006
-3.1377082,8.2210865,96007
-1.7821821,9.68781,96008
-2.7474277,8.501258,96009
-2.5299077,11.4499655,96010
-1.7139931,10.238342,96011
-2.4110038,8.629528,96013
-1.9911681,9.42256,96014
0.0034272256,8.042965,96015
-2.2455168,9.164592,96016
-1.8541062,9.603098,96017
-2.859411,8.394588,96019
-2.2739248,9.35631,96020
-3.6696084,7.83335,96021
-2.6193736,8.548299,96022
-3.165676,8.204128,96023
-1.2426656,10.169388,96024
-1.6591548,10.163111,96025
-2.5797906,8.658326,96027
-2.501471,8.632726,96028
-2.8954444,8.422122,96029
-2.3809342,8.8138075,96032
-3.437493,12.033731,96033
-1.8745455,9.491118,96034
-3.6733048,7.852391,96035
0.13982928,8.013973,96037
-3.698251,7.809132,96038
-3.298227,11.923253,96039
-2.2605557,8.876168,96040
-2.1047244,9.305605,96041
-2.3871994,9.330021,96044
-1.6664755,10.304215,96046
-3.369832,11.979846,96047
-1.3163291,9.974172,96048
-1.6228347,10.218784,96050
-1.7913969,10.067802,96051
-1.323329,10.076354,96052
0.8081031,8.34759,96054
-3.627072,7.888152,96055
-2.4915805,8.659545,96056
-2.1513805,8.815396,96057
0.34588528,8.2510605,96058
-1.7962399,9.691073,96059
-1.3935819,10.0602,96061
-2.2414844,9.166585,96062
-1.6321032,10.128621,96063
-3.0932295,8.257158,96064
-1.371018,10.060288,96065
-2.380643,8.885615,96067
-1.9470171,8.342524,96068
-1.799282,9.853187,96069
4.737495,5.834839,96070
-1.5153788,10.349983,96071
-2.576032,8.670005,96073
-2.571711,8.653293,96074
-1.6042647,10.339796,96075
-1.2351514,11.037904,96076
-3.5787067,7.917446,96078
-3.2267196,8.153647,96080
-2.369447,8.985849,96084
-1.1843187,10.208474,96085
-1.3585937,10.017579,96086
-3.4087176,12.019911,96087
-1.886765,9.450042,96088
-2.1412296,8.450555,96089
-3.5361292,7.916062,96090
-2.5302062,11.425565,96091
-3.225827,4.134356,96092
0.7094903,8.395389,96093
-2.6044116,8.663236,96094
-1.7606711,9.953281,96096
-3.1664248,8.198439,96097
-3.1664793,8.167571,96101
-1.5345438,10.308933,96103
-3.5129547,7.902073,96104
-1.6601568,9.927145,96105
-1.7643094,10.242279,96106
-3.3539126,11.94763,96107
0.7762731,8.356195,96108
0.19095163,8.317043,96109
0.27180532,7.8668485,96110
-1.6455781,10.648998,96111
0.6239972,8.265953,96112
-2.869028,8.386626,96113
-2.176771,9.350392,96114
-2.0514336,8.458309,96115
-0.117004864,7.961895,96116
-2.4103053,8.764753,96117
-2.7978754,8.466813,96118
0.8028435,8.3781805,96119
-1.7119241,10.3343315,96120
-2.1179645,9.451804,96121
-1.6708002,9.684837,96122
-1.8894147,8.50942,96123
-1.7928907,9.690249,96124
-1.3843873,10.439512,96125
-2.1010559,9.491448,96126
-2.8841305,8.39917,96128
0.34124458,8.090614,96129
-2.7821665,8.470751,96130
-2.7419336,8.316114,96132
-2.8352077,8.399976,96133
-3.4003243,7.997335,96134
-2.1149755,8.926642,96135
-3.3082073,11.8641405,96136
-1.6814104,9.828115,96137
-1.839506,10.029139,96140
-2.0965698,9.450527,96141
-2.1313393,9.46704,96142
-1.5964048,10.52374,96143
-1.7526193,10.429915,96145
-1.7021569,10.773367,96146
-1.8821107,9.966335,96148
-1.9163563,9.068929,96150
-2.2364397,9.158983,96151
-3.2132695,11.483039,96155
-1.8401504,8.358837,96158
-1.1409115,11.404071,96160
-1.7806911,10.257827,96161
1.6897092,11.7198,96162
